{"type":"Topology","transform":{"scale":[0.00011903252034609784,0.00011846698621564368],"translate":[120.75901031494152,15.770520210266229]},"arcs":[[[5462,7351],[329,-27],[126,-14],[349,-31],[194,0],[102,-13],[148,-9],[40,-45],[123,-152],[40,-67],[49,-121],[112,-130],[152,-183],[187,-193],[128,-156],[138,-188],[274,-331],[46,-45],[260,-291],[95,-103],[18,-26],[332,147],[13,9],[605,273],[146,58],[688,304],[930,385],[31,40],[394,-13],[21,-18]],[[11532,6411],[-232,-143],[-305,-197],[-24,-13],[-180,-211],[-145,-165],[-368,-425],[-133,-152],[-125,-148],[-124,-139],[-316,-366],[-243,-269],[-294,-322],[-153,-125],[-451,-376],[-234,-192],[-318,-269],[-538,-452],[-150,-134],[-95,-81],[-252,-223],[-272,-251],[-508,-425],[-119,-98]],[[5953,1235],[-119,103],[-756,644],[-175,139],[-173,147],[-28,412],[-107,738],[-33,286],[-21,229],[-49,375],[188,72],[132,45],[211,80],[312,139],[262,112],[107,40],[18,398],[95,354],[-215,4],[-194,58],[-196,135],[15,111],[30,193],[22,165],[7,76],[60,224],[10,76],[11,121],[16,134],[33,331],[31,170],[15,5]],[[5523,22831],[41,-14],[21,-18],[93,-40],[29,-18],[15,-36],[-31,-18],[-46,18],[-5,27],[-92,-22],[-33,40],[-8,67],[16,14]],[[12026,15006],[-9,-5],[-460,-62],[-125,4],[-153,0],[-605,-9],[-115,-9],[-50,9],[-54,-9],[-172,0],[-19,-4],[-698,-18],[-297,-5],[-91,-4],[-85,-45],[-171,-98],[-233,0],[-125,4],[-174,-31],[-455,-18],[-52,-9],[-205,-27],[-142,0]],[[7536,14670],[-120,103],[-116,125],[-94,108],[-135,134],[-229,219],[-125,125],[-45,63],[-84,45],[-91,67],[-73,40],[-58,85],[-27,54],[-67,49],[-114,76],[-133,112],[-52,9],[-46,-40],[-41,-27],[-21,-36],[-66,-18],[-17,22],[-38,0],[-41,54],[4,31],[39,130],[-85,143],[-3,63],[-22,157],[15,26],[-46,59],[-69,76],[-346,353],[-84,72],[-34,35],[-291,-26],[-37,31],[-85,31],[-18,40],[18,18],[34,-9],[21,23],[-18,22],[30,45],[33,4],[1,153],[97,156],[1,22],[67,103],[25,27],[24,90],[22,103],[122,290],[72,130],[324,644],[100,59],[284,107],[28,286],[9,18],[49,166],[25,156],[48,81],[15,170],[23,224],[39,344],[4,148],[-10,44],[-125,287],[-13,76],[-40,76],[-3,98],[-222,117],[-276,156],[-102,54],[-116,45],[-75,40],[-219,125],[-7,0],[-108,63],[-120,80],[-278,9],[-61,72],[-247,273],[-71,4],[-161,58],[-795,300],[-136,45],[-177,63],[-9,402],[-26,58],[-194,-4],[-156,-94],[-34,-197],[-129,-54],[-176,-273],[-262,-111],[-93,-54],[19,143],[49,389],[3,36],[42,224],[26,237],[14,94],[-40,9],[3,22],[37,14],[37,67],[46,44],[25,0],[57,-22],[9,-18],[43,18],[42,31],[22,0],[43,32],[45,13],[40,45],[0,49],[55,31],[27,-9],[7,-35],[70,-32],[15,50],[22,-14],[-3,-45],[69,-26],[77,0],[137,31],[47,18],[42,49],[12,63],[153,18],[166,-5],[75,-18],[30,0],[75,-18],[70,-22],[33,-18],[42,-9],[87,-40],[124,-40],[61,-41],[147,-116],[85,-72],[-11,-22],[43,-18],[66,-58],[18,4],[101,-76],[47,-44],[41,-27],[99,-90],[27,-13],[137,-99],[64,-40],[132,-76],[77,-36],[133,-67],[43,-4],[37,-23],[16,-22],[44,4],[150,-67],[65,-22],[-47,-13],[-9,-18],[131,4],[92,-54],[1,-85],[9,-22],[55,-49],[104,0],[51,-14],[9,-17],[35,-18],[42,9],[13,-68],[39,50],[21,13],[30,-27],[53,-13],[12,-14],[115,-80],[55,-31],[16,-18],[205,-126],[82,-53],[92,-49],[14,0],[58,-36],[107,-54],[23,-4],[94,-45],[33,-23],[85,-40],[11,-13],[72,-40],[80,-27],[36,0],[50,-59],[11,-35],[38,-32],[-19,-31],[33,-22],[39,-63],[16,-107],[21,-23],[31,-89],[39,-31],[61,-23],[31,-54],[34,-107],[27,40],[-67,144],[-14,49],[23,40],[0,18],[-26,54],[-66,85],[-12,71],[-39,0],[-37,103],[74,-13],[54,-23],[71,-18],[57,-26],[145,-45],[106,-45],[21,0],[41,-22],[32,-5],[59,-27],[94,-26],[113,-41],[35,-18],[72,-22],[30,-18],[55,-18],[142,-62],[76,-23],[188,-67],[46,-22],[29,-5],[140,-53],[14,0],[90,-36],[150,-40],[23,-14],[65,-13],[130,-41],[37,-4],[-23,-31],[-40,31],[-67,0],[-67,-40],[-61,4],[-58,31],[-65,27],[-62,63],[-61,31],[-8,-13],[27,-36],[34,13],[24,-31],[-3,-22],[45,-54],[17,14],[50,-5],[11,-45],[57,0],[42,-22],[31,9],[62,49],[33,0],[28,-22],[45,13],[43,0],[28,-31],[57,9],[16,18],[51,4],[22,-9],[59,0],[106,-18],[64,5],[45,45],[83,0],[65,8],[28,32],[87,13],[31,27],[123,18],[44,0],[86,31],[19,45],[97,36],[7,67],[23,27],[43,13],[49,45],[26,13],[50,0],[40,58],[-15,23],[98,67],[-10,58],[16,18],[132,45],[14,18],[4,44],[18,23],[21,-9],[47,22],[46,49],[-7,63],[15,54],[34,31],[48,-40],[16,-32],[62,-8],[36,26],[60,32],[15,85],[-50,44],[-4,50],[7,22],[54,40],[4,32],[-44,40],[-24,49],[7,40],[17,27],[-3,45],[62,85],[45,89],[12,45],[30,58],[29,90],[2,85],[12,53],[-20,41],[-6,40],[44,18],[13,18],[59,0],[12,31],[-25,9],[46,45],[25,4],[51,-18],[30,-40],[50,14],[24,22],[82,-18],[4,-27],[24,-18],[16,32],[90,0],[28,44],[43,14],[42,0],[41,-27],[21,0],[45,-40],[29,-63],[39,-107],[3,-59],[-18,-44],[-31,-54],[22,-54],[61,-85],[-12,-67],[24,-36],[45,-4],[13,-31],[-12,-36],[23,-31],[23,-5],[-6,-36],[33,-9],[82,-53],[9,-50],[50,-9],[107,-40],[27,-45],[2,-26],[32,-59],[44,-22],[28,18],[25,-31],[-4,-45],[-18,-45],[19,-9],[51,5],[23,-81],[23,-22],[-9,-36],[28,-63],[0,-62],[-21,-9],[15,-72],[-4,-27],[31,-13],[27,-45],[10,-58],[-24,-27],[-3,-36],[64,-31],[0,-27],[-31,-9],[-30,-62],[9,-18],[-32,-27],[-11,-31],[46,-45],[-12,-49],[8,-18],[-42,-90],[-43,-53],[0,-23],[-25,-27],[12,-49],[-46,-49],[-17,4],[-49,-26],[-36,-94],[-38,-18],[35,-54],[-46,-40],[-9,-27],[-47,-58],[-25,-54],[-66,-27],[-21,-27],[-87,-53],[-21,-32],[-3,-44],[22,-23],[-25,-18],[-6,-35],[-43,-23],[-34,9],[-32,-40],[-76,0],[-5,-22],[-36,9],[-64,-41],[-110,-45],[0,-44],[-43,-5],[-20,-13],[-16,-63],[-42,-31],[-29,-58],[7,-27],[-25,-36],[-39,-22],[-31,22],[-49,-13],[-19,-67],[-24,-45],[-23,-76],[-61,-99],[11,-67],[-19,-36],[31,-49],[44,-18],[29,23],[44,-5],[15,-53],[-53,-36],[-12,-45],[-3,-58],[-20,-72],[14,-18],[40,9],[65,-89],[15,-36],[-16,-22],[-24,-63],[37,-45],[-22,-85],[-25,-27],[-43,-17],[28,-36],[4,-45],[12,-13],[-40,-50],[-25,0],[15,-120],[-6,-59],[40,-49],[-33,-49],[-6,-31],[13,-36],[30,-36],[-6,-40],[49,-14],[9,-67],[-26,-9],[16,-67],[-37,-4],[-27,-27],[-46,-13],[9,-23],[-20,-31],[-47,-40],[-42,-63],[2,-63],[-6,-53],[19,-63],[42,-49],[-8,-49],[-32,-32],[-70,-18],[-42,-49],[6,-22],[-46,-23],[12,-31],[27,-9],[28,9],[22,-40],[-21,-49],[-37,-45],[-61,-18],[-16,-22],[6,-36],[-42,-49],[8,-36],[17,-14],[-15,-31],[57,-112],[-25,-22],[25,-18],[6,-36],[28,-58],[-33,-45],[-11,-49],[1,-36],[52,-44],[11,-23],[-12,-27],[9,-44],[38,-32],[54,-71],[-37,-36],[19,-18],[37,4],[28,-35],[3,-27],[-50,-36],[-15,-54],[-36,-35],[9,-27],[51,-27],[34,-58],[-18,-36],[2,-45],[-21,-22],[1,-45],[14,-18],[-9,-62],[29,-72],[-34,-85],[-7,-36],[12,-40],[-6,-23],[26,-102],[61,-148],[15,-22],[42,0],[7,-18],[-26,-32],[3,-26],[23,-41],[33,-9],[25,-35],[-12,-54],[35,-49]],[[7459,21533],[-59,125],[35,-22],[36,-54],[7,-35],[-19,-14]],[[4156,26208],[58,-18],[29,-31],[2,-58],[-47,-76],[-83,0],[-42,18],[-15,18],[-1,44],[31,81],[25,22],[43,0]],[[4205,26280],[38,9],[38,-5],[8,-26],[-24,-32],[-95,41],[-36,31],[19,27],[37,-23],[15,-22]],[[5532,26468],[49,-18],[55,-31],[25,-36],[36,0],[88,-54],[31,-4],[58,-32],[31,-35],[39,9],[12,-14],[80,31],[46,-17],[-18,-72],[-43,-40],[-85,-50],[-32,0],[-24,-44],[-58,-27],[-171,0],[-46,9],[-97,-36],[-88,-4],[-43,-18],[-100,-9],[-20,9],[-94,9],[-34,-18],[-98,-36],[-70,-5],[-31,-17],[-27,13],[-89,0],[-64,-18],[-67,-9],[-52,5],[-54,22],[-98,4],[-80,32],[-20,40],[-41,49],[-3,49],[55,63],[6,40],[-18,45],[30,31],[52,-4],[56,-27],[37,0],[23,-22],[55,-9],[40,22],[28,0],[39,18],[40,-4],[50,49],[27,0],[64,40],[57,0],[15,-13],[72,-14],[51,45],[85,45],[65,4],[73,27],[37,22],[103,0],[55,5]],[[9069,26383],[-47,9],[-30,62],[31,27],[32,-4],[19,-27],[-5,-67]],[[3838,27090],[-19,22],[31,36],[10,-40],[-22,-18]],[[9730,27296],[44,-9],[110,0],[58,-5],[15,14],[23,-59],[29,-9],[34,-40],[11,-36],[64,-76],[13,-35],[46,-36],[57,9],[31,-23],[54,-18],[8,-22],[39,-45],[-15,-35],[-22,-108],[-22,0],[-52,-54],[-46,23],[-32,0],[-29,-45],[-35,22],[-28,0],[-10,-44],[-39,-9],[-22,-18],[-3,-27],[27,-18],[31,-49],[-18,-67],[-21,-36],[-36,-18],[-58,-4],[-29,-23],[1,-40],[-39,-9],[-49,-54],[-38,0],[-5,-31],[-41,-36],[-54,18],[-28,-27],[-46,-27],[-78,-17],[-17,-23],[-9,-53],[3,-45],[-72,-45],[-24,-36],[14,-103],[-8,