{"type":"Topology","transform":{"scale":[0.0000922048793119473,0.00011973150779500136],"translate":[125.10056304931653,5.365280151367188]},"arcs":[[[6659,16161],[-59,-13],[-93,20],[-119,2],[-63,7],[-110,0],[-41,-13],[-9,-25],[-84,-57],[7,-11],[-34,-59],[-93,-58],[-98,-48],[-67,-48],[-159,-84],[-60,-60],[-6,-22],[-118,-13],[-300,16],[-253,-5],[-159,2],[-308,-41],[-11,28],[26,225],[-9,123],[4,119],[8,90],[5,179],[-2,308],[3,169],[-19,183],[-30,97],[-8,55],[18,62],[-11,158],[8,194],[-20,238],[7,264],[-20,112],[9,62],[-304,35],[-313,39],[-322,-2],[-331,14],[-302,-5],[-385,0],[-774,-29]],[[1660,18369],[-16,126],[13,163],[34,51],[-10,88],[-52,105],[-7,33],[9,62],[16,33],[303,-24],[4,55],[218,11],[15,-97],[98,-16],[46,-39],[76,-27],[79,3],[32,48],[41,0],[51,-15],[101,55],[54,-14],[68,3],[51,13],[114,-49],[95,-26],[28,-18],[32,-48],[51,-2],[126,39],[45,29],[62,64],[61,26],[54,91],[29,37],[-13,132],[-36,110],[47,82],[43,39],[52,64],[39,82],[-11,57],[-30,39],[5,31],[31,42],[-3,33],[21,123],[-14,80],[-18,55],[-54,79],[-38,84],[-29,30],[-20,53],[-75,75],[-41,60],[-5,46],[10,68],[-13,99],[-8,130],[23,103],[1,89],[15,37],[18,187],[-15,53],[-107,101],[-62,22],[-46,60],[39,74],[-19,67],[9,57],[-37,75],[-36,46],[-60,28],[-22,29],[-31,4],[-42,31],[3184,106]],[[6233,21991],[48,-207],[3,-75],[24,-97],[18,-152],[25,-94],[-4,-68],[25,-115],[21,-33],[21,-154],[27,-143],[16,-148],[67,-330],[14,-185],[144,-2],[15,-95],[106,22],[19,-114],[20,-46],[34,-36],[46,-79],[28,-9],[121,16],[37,-18],[20,-53],[34,-35],[82,-18],[-9,-50],[23,-11],[17,-113],[102,-81],[18,-40],[-32,-72],[31,-104],[-48,-112],[248,-18],[33,88],[142,144],[54,105],[57,93],[108,125],[127,141],[196,238],[46,48],[200,198],[97,88],[233,163],[20,-143],[209,-341],[36,-70],[-7,-27],[-64,-59],[-94,-253],[-54,-25],[-44,-63],[-38,-25],[-52,-57],[-29,-15],[-31,-38],[-33,-13],[34,-51],[67,-52],[93,-100],[108,-101],[77,-66],[-38,-136],[-42,-192],[-9,-62],[-21,-79],[-31,-152],[-24,-70],[-39,-178],[-441,-71],[-62,-15],[-222,-36],[36,-59],[130,-194],[46,-33],[39,-4],[31,-20],[49,11],[30,-44],[-48,-35],[-42,-2],[-41,-38],[-46,5],[-75,30],[-68,-19],[-38,-25],[12,-22],[-46,-52],[-38,26],[-31,0],[-29,-29],[-51,-90],[-27,-24],[-43,-82],[-10,-61],[10,-22],[-29,-22],[47,-38],[103,-57],[-25,-13],[14,-88],[34,-22],[-48,-18],[-3,-42],[-36,-37],[-1,-27],[-38,-39],[8,-66],[28,-27],[-31,-41],[21,-22],[-18,-44]],[[7932,16677],[-67,28],[-50,9],[-106,-11],[-12,-24],[-111,-62],[-47,-35],[-106,-57],[-106,-40],[-137,-29],[-92,-30],[-103,-60],[-18,-2],[-78,-53],[-36,-40],[5,-26],[-81,-13],[-77,-38],[-51,-33]],[[6336,13332],[21,-11],[74,9],[62,-4],[60,-16],[43,-30],[18,-44],[70,-102],[31,-9],[50,-99],[4,-33],[-20,-15],[-21,-48],[6,-38],[-54,-37],[-32,-60],[-163,40],[-46,0],[-78,39],[-23,67],[-7,46],[-42,77],[-64,61],[-65,86],[83,80],[93,41]],[[6581,15303],[95,-11],[75,-49],[34,-57],[11,-57],[20,-31],[44,-35],[26,-7],[59,24],[130,-39],[41,-2],[79,-44],[49,-66],[81,-31],[105,-80],[45,-55],[4,-41],[31,-51],[49,-37],[-2,-34],[-62,-48],[-8,-37],[11,-42],[-34,-18],[-25,-46],[-39,-22],[12,-84],[-5,-50],[-23,-53],[-10,-82],[13,-24],[-39,-20],[11,-55],[-19,-17],[-15,-84],[8,-70],[43,-119],[60,-115],[-10,-48],[26,-55],[-14,-93],[21,-108],[24,-81],[22,-104],[-46,-24],[-3,-39],[-39,-25],[-28,-41],[-28,4],[-46,-26],[-1,-42],[-25,-75],[-32,-31],[-9,-46],[-26,-24],[-42,8],[-21,36],[-88,13],[-31,22],[-12,37],[10,51],[-10,64],[-67,99],[-86,72],[-69,117],[-55,84],[6,77],[46,42],[-10,48],[0,79],[-18,25],[13,72],[-18,33],[0,36],[-52,28],[-10,35],[36,31],[-5,22],[-37,24],[-2,29],[39,73],[-18,39],[-27,25],[-9,52],[-32,38],[-26,68],[-79,48],[-59,11],[-63,-19],[-64,-77],[-73,-20],[-28,13],[-65,53],[-31,90],[-38,53],[-19,62],[-2,105],[93,104],[96,55],[43,50],[19,51],[0,92],[13,60],[20,35],[29,101],[0,31],[22,99],[50,58],[90,13]],[[6659,16161],[-10,-59],[-34,-22],[-60,-4],[-33,19],[-54,0],[-14,-24],[-49,-35],[-12,-24],[-127,-124],[33,-24],[-5,-88],[-58,-26],[-34,8],[-32,-19],[-100,11],[-100,-62],[-29,-51],[43,-68],[-56,-31],[-3,-61],[-15,-20],[26,-57],[12,-55],[-7,-27],[11,-50],[40,-93],[31,-15],[0,-42],[44,-145],[31,-36],[-10,-28],[16,-60],[-10,-28],[15,-49],[3,-83],[-27,-53],[-90,-75],[-33,-51],[-11,-59],[-74,-13],[-13,-36],[-57,-15],[-76,-33],[-25,-24],[11,-27],[-27,-68],[-53,-37],[-37,-16],[-69,-77],[-14,-48],[-35,-2],[-42,-27],[-103,-7],[-85,-13],[-60,-24],[-28,-42],[-23,27],[-122,70],[-111,2],[-95,-22],[-90,-42],[-35,-55],[-76,-28],[-106,-90],[7,-31],[-34,-11],[-72,-53],[0,-31],[-26,-31],[-155,-112],[-38,-48],[-21,-84],[-7,-60],[12,-79],[46,-112],[11,-44],[-18,-38],[13,-77],[-64,-61],[-81,-44],[-43,-42],[-70,-27],[-36,5],[-75,-46],[2,-84],[13,-31],[-67,-101],[-67,-13],[-28,8],[-41,-19],[-31,-55],[-84,-40],[-28,-26],[-38,-11],[-39,-49],[30,-55],[-32,-53],[-34,2],[-50,-39],[-10,-44],[-48,-16],[-86,-57],[-26,0],[-65,-61],[-54,-7],[-33,37],[-41,-24],[25,-33],[23,9],[40,-46],[84,-42],[-25,-66],[7,-38],[-77,-41],[10,-22],[-15,-49],[43,-22],[39,-77],[-13,-26],[-48,-16],[-8,-33],[16,-53],[-106,-77],[-37,-35],[0,-53],[18,-33],[-7,-28],[10,-66],[47,-67],[15,-41],[-5,-40],[36,-70],[5,-58],[-26,-30],[-12,-51],[10,-33],[-1,-62],[42,-68],[-28,-24],[-18,-55],[0,-42],[-60,-2],[-29,-29],[3,-31],[-39,-28],[-4,-55],[-70,-16],[-1,-33],[-31,-24],[11,-40],[28,-20],[127,-17],[36,35],[57,9],[29,44],[-11,42],[-31,28],[3,31],[61,-57],[-8,-33],[26,-46],[39,26],[96,7],[26,-31],[69,-9],[36,-68],[68,-22],[43,-33],[62,-22],[109,-27],[46,7],[8,51],[-26,26],[68,18],[-14,35],[-44,48],[-116,86],[-80,5],[-25,24],[12,46],[-43,18],[26,35],[-19,33],[45,2],[66,-46],[80,-40],[41,-53],[42,-39],[55,-9],[40,18],[34,-38],[21,-64],[31,-26],[56,-18],[45,13],[59,-4],[67,42],[10,-22],[-69,-130],[38,-75],[108,-44],[89,-6],[10,-49],[65,-37],[74,22],[41,-7],[-46,-70],[6,-47],[43,-48],[6,-29],[-34,-24],[59,-86],[65,-37],[41,15],[67,82],[127,-7],[49,55],[114,-20],[51,-39],[-28,-42],[18,-20],[90,7],[69,-38],[-31,-20],[-30,7],[-72,-7],[-26,-41],[-41,-16],[15,-35],[88,-51],[46,7],[24,-51],[62,0],[23,16],[15,39],[-10,42],[57,-4],[25,-35],[-59,-56],[-37,-83],[1,-60],[-50,-94],[-7,-135],[18,-35],[-31,-42],[-2,-55],[12,-30],[93,0],[116,-91],[65,29],[-49,64],[-41,33],[-108,17],[-19,31],[124,-37],[33,-24],[81,-91],[100,-61],[27,-47],[2,-70],[-11,-82],[96,-88],[57,-61],[28,-42],[36,-31],[-20,-59],[8,-51],[74,-42],[19,-48],[43,-66],[36,-35],[-10,-58],[26,-17],[8,-62],[15,-29],[-25,-30],[7,-36],[37,-19],[25,-51],[59,-90],[41,-27],[-18,-72],[31,-64],[71,-13],[58,-29],[27,-51],[31,-31],[36,-90],[17,-15],[58,-112],[33,-25],[3,-46],[-16,-57],[24,-38],[4,-90],[8,-28],[47,-60],[26,-11],[12,-37],[-15,-31],[8,-55],[-16,-24],[-5,-51],[-26,-31],[-7,-46],[-24,-44],[-18,-75],[0,-46],[31,-51],[42,-33],[35,2],[-5,-44],[24,-26],[-10,-55],[-68,-18],[-21,-57],[-31,-46],[-30,-154],[3,-71],[13,-37],[-19,-64],[34,-57],[-26,-33],[0,-88],[-64,-16],[-21,-44],[10,-24],[-8,-90],[-36,-40],[8,-53],[-5,-50],[-21,-27],[-18,-86],[-82,-90],[-37,0],[-16,-42],[-84,-44],[-32,-57],[-15,-75],[13,-73],[-13,-39],[-33,-18],[-96,7],[-60,-77],[-4,-42],[-36,-57],[-78,-14],[-46,-61],[4,-55],[-46,-51],[0,-42],[-20,-13],[-104,-4],[-38,-18],[-39,-40],[-45,-22],[-9,-33],[-29,-35],[-5,-55],[-88,-28],[-41,-25],[-42,-44],[-4,-28],[-34,-27],[-23,-53],[-78,-24],[-62,-55],[6,-94],[-52,-20],[-91,-51],[-36,-2],[-54,-40],[-11,-28],[-79,-60],[-18,-46],[-27,-35],[-40,-13],[-21,-25],[-29,-66],[-31,-20],[-28,7],[-46,-18],[-26,-50],[-47,-64],[5,-31],[-33,-22],[-21,-66],[-28,-22],[-21,-141],[-65,-11],[-28,-24],[-51,-22],[-24,-35],[5,-64],[-38,-55],[-16,-42],[-34,-51],[-22,-4],[-55,-42],[3,-22],[-42,-48],[-62,-88],[-49,-22],[0,-20],[-59,-62],[-55,7],[-23,-42],[39,-57],[-75,-62],[-44,18],[-25,-9],[2,-79],[-8,-27],[-118,-117],[-44,-30],[-11,-73],[-84,-37],[-65,-9],[-41,-22],[-124,-51],[-60,9],[-46,-13],[-47,13],[-25,40],[-35,19],[-35,-28],[-50,33],[-36,4],[-82,-31],[-99,-15],[-62,-71],[-40,14],[12,83],[-23,20],[-47,5],[-61,96],[-45,22],[-58,49],[113,73],[201,94],[163,64],[197,123],[144,75],[119,112],[-13,82],[36,97],[116,191],[104,130],[67,64],[136,203],[29,72],[185,258],[37,17],[5,42],[103,